{
  "sections": {
    "main": {
      "type": "main-product",
      "blocks": [
        {
          "type": "title",
          "id": "title"
        },
        {
          "type": "price",
          "id": "price"
        },
        {
          "type": "variant_picker",
          "id": "variant_picker"
        },
        {
          "type": "quantity_selector",
          "id": "quantity_selector"
        },
        {
          "type": "buy_buttons",
          "id": "buy_buttons",
          "settings": {
            "show_dynamic_checkout": true
          }
        },
        {
          "type": "description",
          "id": "description"
        }
      ],
      "block_order": [
        "title",
        "price",
        "variant_picker",
        "quantity_selector",
        "buy_buttons",
        "description"
      ],
      "settings": {}
    }
  },
  "order": [
    "main"
  ]
}