{
  "current": {
    "colors_solid_button_labels": "#FFFFFF",
    "colors_accent_1": "#121212", 
    "colors_accent_2": "#334FB4",
    "colors_text": "#121212",
    "colors_outline_button_labels": "#121212",
    "colors_background_1": "#FFFFFF",
    "colors_background_2": "#F3F3F3",
    "type_header_font": "assistant_n4",
    "heading_scale": 100,
    "type_body_font": "assistant_n4", 
    "body_scale": 100,
    "page_width": 1200,
    "spacing_sections": 0,
    "buttons_border_thickness": 1,
    "buttons_border_opacity": 100,
    "buttons_radius": 0,
    "buttons_shadow_opacity": 0,
    "buttons_shadow_horizontal_offset": 0,
    "buttons_shadow_vertical_offset": 4,
    "buttons_shadow_blur_radius": 10,
    "variant_pills_border_thickness": 1,
    "variant_pills_border_opacity": 55,
    "variant_pills_radius": 40,
    "variant_pills_shadow_opacity": 0,
    "variant_pills_shadow_horizontal_offset": 0,
    "variant_pills_shadow_vertical_offset": 4,
    "variant_pills_shadow_blur_radius": 5,
    "inputs_border_thickness": 1,
    "inputs_border_opacity": 55,
    "inputs_radius": 0,
    "inputs_shadow_opacity": 0,
    "inputs_shadow_horizontal_offset": 0,
    "inputs_shadow_vertical_offset": 4,
    "inputs_shadow_blur_radius": 5,
    "card_style": "standard",
    "card_image_padding": 0,
    "card_text_alignment": "left",
    "card_color_scheme": "background-1",
    "badge_position": "bottom left",
    "badge_corner_radius": "0",
    "predictive_search_enabled": true,
    "predictive_search_show_vendor": false,
    "predictive_search_show_price": true,
    "currency_code_enabled": true
  }
}