[
  {
    "name": "theme_info",
    "theme_name": "Custom Theme",
    "theme_version": "1.0.0",
    "theme_author": "Custom Developer",
    "theme_documentation_url": "",
    "theme_support_url": ""
  },
  {
    "name": "Colors",
    "settings": [
      {
        "type": "header",
        "content": "General"
      },
      {
        "type": "color",
        "id": "colors_solid_button_labels",
        "default": "#FFFFFF",
        "label": "Solid button label"
      },
      {
        "type": "color",
        "id": "colors_accent_1",
        "default": "#121212",
        "label": "Accent 1"
      },
      {
        "type": "color",
        "id": "colors_accent_2",
        "default": "#334FB4",
        "label": "Accent 2"
      },
      {
        "type": "color",
        "id": "colors_text",
        "default": "#121212",
        "label": "Text"
      },
      {
        "type": "color",
        "id": "colors_outline_button_labels",
        "default": "#121212",
        "label": "Outline button label"
      },
      {
        "type": "color",
        "id": "colors_background_1",
        "default": "#FFFFFF",
        "label": "Background 1"
      },
      {
        "type": "color",
        "id": "colors_background_2",
        "default": "#F3F3F3",
        "label": "Background 2"
      }
    ]
  },
  {
    "name": "Typography",
    "settings": [
      {
        "type": "header",
        "content": "Headings"
      },
      {
        "type": "font_picker",
        "id": "type_header_font",
        "default": "assistant_n4",
        "label": "Font",
        "info": "Selecting a different font can affect the speed of your store. [Learn more about system fonts.](https://help.shopify.com/en/manual/online-store/os/store-speed/improving-speed#fonts)"
      },
      {
        "type": "range",
        "id": "heading_scale",
        "min": 100,
        "max": 150,
        "step": 5,
        "unit": "%",
        "label": "Heading scale",
        "default": 100
      },
      {
        "type": "header",
        "content": "Body"
      },
      {
        "type": "font_picker",
        "id": "type_body_font",
        "default": "assistant_n4",
        "label": "Font",
        "info": "Selecting a different font can affect the speed of your store. [Learn more about system fonts.](https://help.shopify.com/en/manual/online-store/os/store-speed/improving-speed#fonts)"
      },
      {
        "type": "range",
        "id": "body_scale",
        "min": 100,
        "max": 130,
        "step": 5,
        "unit": "%",
        "label": "Body scale",
        "default": 100
      }
    ]
  },
  {
    "name": "Layout",
    "settings": [
      {
        "type": "range",
        "id": "page_width",
        "min": 1000,
        "max": 1600,
        "step": 10,
        "default": 1200,
        "unit": "px",
        "label": "Page width"
      },
      {
        "type": "range",
        "id": "spacing_sections",
        "min": 0,
        "max": 100,
        "step": 4,
        "unit": "px",
        "label": "Spacing between sections",
        "default": 0
      }
    ]
  },
  {
    "name": "Buttons",
    "settings": [
      {
        "type": "header",
        "content": "Button style"
      },
      {
        "type": "range",
        "id": "buttons_border_thickness",
        "min": 0,
        "max": 5,
        "step": 0.1,
        "unit": "px",
        "label": "Border thickness",
        "default": 1
      },
      {
        "type": "range",
        "id": "buttons_border_opacity",
        "min": 0,
        "max": 100,
        "step": 5,
        "unit": "%",
        "label": "Border opacity",
        "default": 100
      },
      {
        "type": "range",
        "id": "buttons_radius",
        "min": 0,
        "max": 40,
        "step": 2,
        "unit": "px",
        "label": "Corner radius",
        "default": 0
      },
      {
        "type": "range",
        "id": "buttons_shadow_opacity",
        "min": 0,
        "max": 100,
        "step": 5,
        "unit": "%",
        "label": "Shadow opacity",
        "default": 0
      },
      {
        "type": "range",
        "id": "buttons_shadow_horizontal_offset",
        "min": -12,
        "max": 12,
        "step": 2,
        "unit": "px",
        "label": "Horizontal shadow offset",
        "default": 0
      },
      {
        "type": "range",
        "id": "buttons_shadow_vertical_offset",
        "min": -12,
        "max": 12,
        "step": 2,
        "unit": "px",
        "label": "Vertical shadow offset",
        "default": 4
      },
      {
        "type": "range",
        "id": "buttons_shadow_blur_radius",
        "min": 0,
        "max": 20,
        "step": 5,
        "unit": "px",
        "label": "Shadow blur radius",
        "default": 10
      }
    ]
  },
  {
    "name": "Variant pills",
    "settings": [
      {
        "type": "header",
        "content": "Variant pills"
      },
      {
        "type": "range",
        "id": "variant_pills_border_thickness",
        "min": 0,
        "max": 5,
        "step": 0.1,
        "unit": "px",
        "label": "Border thickness",
        "default": 1
      },
      {
        "type": "range",
        "id": "variant_pills_border_opacity",
        "min": 0,
        "max": 100,
        "step": 5,
        "unit": "%",
        "label": "Border opacity",
        "default": 55
      },
      {
        "type": "range",
        "id": "variant_pills_radius",
        "min": 0,
        "max": 40,
        "step": 2,
        "unit": "px",
        "label": "Corner radius",
        "default": 40
      },
      {
        "type": "range",
        "id": "variant_pills_shadow_opacity",
        "min": 0,
        "max": 100,
        "step": 5,
        "unit": "%",
        "label": "Shadow opacity",
        "default": 0
      },
      {
        "type": "range",
        "id": "variant_pills_shadow_horizontal_offset",
        "min": -12,
        "max": 12,
        "step": 2,
        "unit": "px",
        "label": "Horizontal shadow offset",
        "default": 0
      },
      {
        "type": "range",
        "id": "variant_pills_shadow_vertical_offset",
        "min": -12,
        "max": 12,
        "step": 2,
        "unit": "px",
        "label": "Vertical shadow offset",
        "default": 4
      },
      {
        "type": "range",
        "id": "variant_pills_shadow_blur_radius",
        "min": 0,
        "max": 20,
        "step": 5,
        "unit": "px",
        "label": "Shadow blur radius",
        "default": 5
      }
    ]
  },
  {
    "name": "Inputs",
    "settings": [
      {
        "type": "header",
        "content": "Input fields"
      },
      {
        "type": "range",
        "id": "inputs_border_thickness",
        "min": 0,
        "max": 5,
        "step": 0.1,
        "unit": "px",
        "label": "Border thickness",
        "default": 1
      },
      {
        "type": "range",
        "id": "inputs_border_opacity",
        "min": 0,
        "max": 100,
        "step": 5,
        "unit": "%",
        "label": "Border opacity",
        "default": 55
      },
      {
        "type": "range",
        "id": "inputs_radius",
        "min": 0,
        "max": 40,
        "step": 2,
        "unit": "px",
        "label": "Corner radius",
        "default": 0
      },
      {
        "type": "range",
        "id": "inputs_shadow_opacity",
        "min": 0,
        "max": 100,
        "step": 5,
        "unit": "%",
        "label": "Shadow opacity",
        "default": 0
      },
      {
        "type": "range",
        "id": "inputs_shadow_horizontal_offset",
        "min": -12,
        "max": 12,
        "step": 2,
        "unit": "px",
        "label": "Horizontal shadow offset",
        "default": 0
      },
      {
        "type": "range",
        "id": "inputs_shadow_vertical_offset",
        "min": -12,
        "max": 12,
        "step": 2,
        "unit": "px",
        "label": "Vertical shadow offset",
        "default": 4
      },
      {
        "type": "range",
        "id": "inputs_shadow_blur_radius",
        "min": 0,
        "max": 20,
        "step": 5,
        "unit": "px",
        "label": "Shadow blur radius",
        "default": 5
      }
    ]
  },
  {
    "name": "Cards",
    "settings": [
      {
        "type": "header",
        "content": "Card style"
      },
      {
        "type": "select",
        "id": "card_style",
        "options": [
          {
            "value": "standard",
            "label": "Standard"
          },
          {
            "value": "card",
            "label": "Card"
          }
        ],
        "default": "standard",
        "label": "Style"
      },
      {
        "type": "range",
        "id": "card_image_padding",
        "min": 0,
        "max": 20,
        "step": 2,
        "unit": "px",
        "label": "Image padding",
        "default": 0
      },
      {
        "type": "select",
        "id": "card_text_alignment",
        "options": [
          {
            "value": "left",
            "label": "Left"
          },
          {
            "value": "center",
            "label": "Center"
          },
          {
            "value": "right",
            "label": "Right"
          }
        ],
        "default": "left",
        "label": "Text alignment"
      },
      {
        "type": "select",
        "id": "card_color_scheme",
        "options": [
          {
            "value": "accent-1",
            "label": "Accent 1"
          },
          {
            "value": "accent-2",
            "label": "Accent 2"
          },
          {
            "value": "background-1",
            "label": "Background 1"
          },
          {
            "value": "background-2",
            "label": "Background 2"
          },
          {
            "value": "inverse",
            "label": "Inverse"
          }
        ],
        "default": "background-1",
        "label": "Color scheme"
      }
    ]
  },
  {
    "name": "Badge",
    "settings": [
      {
        "type": "select",
        "id": "badge_position",
        "options": [
          {
            "value": "bottom left",
            "label": "Bottom left"
          },
          {
            "value": "bottom right",
            "label": "Bottom right"
          },
          {
            "value": "top left",
            "label": "Top left"
          },
          {
            "value": "top right",
            "label": "Top right"
          }
        ],
        "default": "bottom left",
        "label": "Position"
      },
      {
        "type": "select",
        "id": "badge_corner_radius",
        "options": [
          {
            "value": "0",
            "label": "Sharp"
          },
          {
            "value": "5",
            "label": "Rounded"
          },
          {
            "value": "50",
            "label": "Circular"
          }
        ],
        "default": "0",
        "label": "Corner radius"
      }
    ]
  },
  {
    "name": "Brand information",
    "settings": [
      {
        "type": "header",
        "content": "Social media"
      },
      {
        "type": "text",
        "id": "social_twitter_link",
        "label": "Twitter"
      },
      {
        "type": "text",
        "id": "social_facebook_link",
        "label": "Facebook"
      },
      {
        "type": "text",
        "id": "social_pinterest_link",
        "label": "Pinterest"
      },
      {
        "type": "text",
        "id": "social_instagram_link",
        "label": "Instagram"
      },
      {
        "type": "text",
        "id": "social_tiktok_link",
        "label": "TikTok"
      },
      {
        "type": "text",
        "id": "social_tumblr_link",
        "label": "Tumblr"
      },
      {
        "type": "text",
        "id": "social_snapchat_link",
        "label": "Snapchat"
      },
      {
        "type": "text",
        "id": "social_youtube_link",
        "label": "YouTube"
      },
      {
        "type": "text",
        "id": "social_vimeo_link",
        "label": "Vimeo"
      }
    ]
  },
  {
    "name": "Search",
    "settings": [
      {
        "type": "header",
        "content": "Predictive search"
      },
      {
        "type": "checkbox",
        "id": "predictive_search_enabled",
        "default": true,
        "label": "Enable predictive search"
      },
      {
        "type": "checkbox",
        "id": "predictive_search_show_vendor",
        "default": false,
        "label": "Show vendor"
      },
      {
        "type": "checkbox",
        "id": "predictive_search_show_price",
        "default": true,
        "label": "Show price"
      }
    ]
  },
  {
    "name": "Currency format",
    "settings": [
      {
        "type": "header",
        "content": "Currency codes"
      },
      {
        "type": "paragraph",
        "content": "Cart and checkout prices always show currency codes. Example: $1.00 USD."
      },
      {
        "type": "checkbox",
        "id": "currency_code_enabled",
        "label": "Show currency codes",
        "default": true
      }
    ]
  }
]